,precision,recall,f1_score,roc_auc
logistic_regression,0.6,0.5,0.5454545454545454,0.41666666666666663
xgboost,0.8,0.6666666666666666,0.7272727272727273,0.41666666666666663
random_forest,0.8,0.6666666666666666,0.7272727272727273,0.41666666666666663
